env,dataset,rho,n_traj,baseline,n_pairs,ret_diff,ret_lo,ret_hi,ret_p,n_higher_return_seeds,n_lower_return_seeds,disc_ret_diff,disc_ret_lo,disc_ret_hi,disc_ret_p,pct_ep_with_query_diff,pct_ep_with_query_lo,pct_ep_with_query_hi,pct_ep_with_query_p,n_fewer_query_seeds
taxi-L,drivers,0.0,150,RECO,10,24.016199999999998,22.606764166666668,25.347465,0.0018998100189981002,10,0,17.468718282832448,16.58392792180797,18.290975066144366,0.0012998700129987,0.0,0.0,0.0,1.0,0
taxi-L,drivers,0.0,400,RECO,10,25.84723333333333,24.733620833333333,26.710029999999996,0.0026997300269973002,10,0,18.957805395178934,18.208837043376207,19.525342608138594,0.0028997100289971,0.0,0.0,0.0,1.0,0
taxi-L,drivers,0.5,150,RECO,10,12.480666666666668,9.694928333333335,15.801108333333335,0.0021997800219978004,10,0,9.456823717175821,7.754425944237732,11.540530914762455,0.0020997900209979003,5.590000000000001,1.1699999999999995,11.830000000000002,0.059194080591940805,0
taxi-L,drivers,0.5,400,RECO,10,12.717366666666667,9.806631666666668,16.714373333333334,0.0015998400159984002,10,0,9.97938677708802,8.165183488562283,12.324441488750463,0.0013998600139986002,1.8799999999999997,0.0,3.9900000000000007,0.2516748325167483,1
taxi-L,random_mix,0.0,150,RECO,10,275.44713333333334,252.26522666666668,304.0730633333333,0.0024997500249975004,10,0,116.55907904498422,107.25696978645011,127.97540301263429,0.0021997800219978004,0.0,0.0,0.0,1.0,0
taxi-L,random_mix,0.0,400,RECO,10,502.34349999999995,487.9465841666666,514.4974308333334,0.001999800019998,10,0,218.0100486130802,212.07630290850432,222.95466830208952,0.0025997400259974,0.0,0.0,0.0,1.0,0
taxi-L,random_mix,0.5,150,RECO,10,212.83569999999995,194.877745,229.3828883333333,0.0020997900209979003,10,0,89.24317832455733,82.31995425530464,95.77388091916431,0.0018998100189981002,0.0,0.0,0.0,1.0,0
taxi-L,random_mix,0.5,400,RECO,10,427.08613333333335,393.75192333333337,457.7754708333334,0.0018998100189981002,10,0,184.38962399674466,170.49587895936534,197.22735184255455,0.0026997300269973002,0.0,0.0,0.0,1.0,0
taxi-M,drivers,0.0,50,RECO,30,12.183333333333334,11.67843912037037,12.711448611111113,9.999000099990002e-05,30,0,10.526351820247033,10.09969966829761,10.975026135209848,9.999000099990002e-05,0.0,0.0,0.0,1.0,0
taxi-M,drivers,0.0,150,RECO,30,12.545657407407408,12.061941435185181,13.03504560185185,9.999000099990002e-05,30,0,10.940840631028314,10.53634206691814,11.356401809326965,9.999000099990002e-05,0.0,0.0,0.0,1.0,0
taxi-M,drivers,0.25,50,RECO,30,11.307564814814818,10.4751337962963,12.15647662037037,9.999000099990002e-05,30,0,9.70988720643153,9.01813040266994,10.44035155316584,9.999000099990002e-05,-0.0638888888888889,-0.17777777777777778,0.0,0.49155084491550843,2
taxi-M,drivers,0.25,150,RECO,30,11.980453703703706,11.393734027777775,12.530769907407407,9.999000099990002e-05,30,0,10.419723597853809,9.91015079713088,10.886491432590391,9.999000099990002e-05,0.0,0.0,0.0,1.0,0
taxi-M,drivers,0.5,50,RECO,30,8.692194444444443,7.70829097222222,9.68224675925926,9.999000099990002e-05,30,0,7.424978515549275,6.62120399721158,8.258664845101755,9.999000099990002e-05,0.41666666666666663,-0.03333333333333333,1.1111111111111112,0.5017498250174982,1
taxi-M,drivers,0.5,150,RECO,30,9.715694444444443,8.923197685185182,10.477483796296296,9.999000099990002e-05,30,0,8.42538889650407,7.780189442796497,9.09282695778707,9.999000099990002e-05,0.325,0.0,0.8111111111111112,0.2515748425157484,0
taxi-M,noisy_expert,0.0,50,RECO,30,10.260620370370372,9.866856018518517,10.661967361111111,9.999000099990002e-05,30,0,8.938808740894855,8.609886741135462,9.293512844873213,9.999000099990002e-05,0.0,0.0,0.0,1.0,0
taxi-M,noisy_expert,0.0,150,RECO,30,10.935731481481485,10.640175000000003,11.234435648148148,9.999000099990002e-05,30,0,9.615175733319798,9.361455857998045,9.871483056562575,9.999000099990002e-05,0.0,0.0,0.0,1.0,0
taxi-M,noisy_expert,0.25,50,RECO,30,9.711037037037036,9.18116087962963,10.246259722222224,9.999000099990002e-05,30,0,8.408139240525692,7.935885189626357,8.863602421044842,9.999000099990002e-05,0.0,0.0,0.0,1.0,0
taxi-M,noisy_expert,0.25,150,RECO,30,10.670768518518516,10.271849537037037,11.065295370370368,9.999000099990002e-05,30,0,9.343977524092342,8.995271435354862,9.69278848583424,9.999000099990002e-05,0.0,0.0,0.0,1.0,0
taxi-M,noisy_expert,0.5,50,RECO,30,8.951990740740738,8.06473148148148,9.766434490740739,9.999000099990002e-05,30,0,7.838934876367757,7.23650232268122,8.458787935522686,9.999000099990002e-05,0.0,0.0,0.0,1.0,0
taxi-M,noisy_expert,0.5,150,RECO,30,9.877055555555556,9.353497453703707,10.37215601851852,9.999000099990002e-05,30,0,8.619703495848203,8.171919624135358,9.045362624040516,9.999000099990002e-05,0.0,0.0,0.0,1.0,0
taxi-M,random_mix,0.0,50,RECO,30,445.9467407407408,424.2206796296297,467.8744391203703,9.999000099990002e-05,30,0,203.71018361815348,194.71003837109166,212.70319601062224,9.999000099990002e-05,0.0,0.0,0.0,1.0,0
taxi-M,random_mix,0.0,150,RECO,30,558.558888888889,546.0731057870371,571.2764842592594,9.999000099990002e-05,30,0,262.6590565025805,258.2348808103629,267.14945072488183,9.999000099990002e-05,0.0,0.0,0.0,1.0,0
taxi-M,random_mix,0.25,50,RECO,30,444.0927222222222,427.15676828703704,460.79171388888886,9.999000099990002e-05,30,0,202.1128213438507,194.7199841667589,209.44328334615437,9.999000099990002e-05,0.0,0.0,0.0,1.0,0
taxi-M,random_mix,0.25,150,RECO,30,561.2893888888889,548.8503106481481,573.5028081018519,9.999000099990002e-05,30,0,262.95131380428,258.3999012146287,267.45088097928965,9.999000099990002e-05,0.0,0.0,0.0,1.0,0
taxi-M,random_mix,0.5,50,RECO,30,391.7409166666666,356.34298541666664,424.06689374999996,9.999000099990002e-05,30,0,179.0489820622865,163.5152336963266,192.981268834239,9.999000099990002e-05,0.0,0.0,0.0,1.0,0
taxi-M,random_mix,0.5,150,RECO,30,528.9715462962962,499.3791465277777,553.5993819444444,9.999000099990002e-05,30,0,247.21594338314256,233.35538670689712,258.33195769377215,9.999000099990002e-05,0.0,0.0,0.0,1.0,0
taxi-v3,expert,0.0,10,RECO,30,0.07022222222222219,0.04466666666666663,0.09822222222222206,9.999000099990002e-05,24,0,0.07495188458304775,0.04789554932391082,0.10543135288459811,9.999000099990002e-05,0.0,0.0,0.0,1.0,0
taxi-v3,expert,0.0,30,RECO,30,0.12600000000000006,0.10577777777777782,0.14911111111111114,9.999000099990002e-05,30,0,0.1339631427729412,0.11178742310440877,0.158613335484037,9.999000099990002e-05,0.0,0.0,0.0,1.0,0
taxi-v3,expert,0.0,60,RECO,30,0.09644444444444415,0.08199999999999967,0.11266666666666643,9.999000099990002e-05,30,0,0.10240850373387352,0.08673714605348236,0.12025173670604401,9.999000099990002e-05,0.0,0.0,0.0,1.0,0
taxi-v3,expert,0.0,100,RECO,30,0.07377777777777737,0.0633333333333329,0.08511111111111089,9.999000099990002e-05,30,0,0.07794936598096237,0.06663920119083747,0.08994984579538134,9.999000099990002e-05,0.0,0.0,0.0,1.0,0
taxi-v3,expert,0.0,150,RECO,30,0.04755555555555509,0.0386666666666662,0.05644444444444397,9.999000099990002e-05,30,0,0.05013542238299914,0.040528422036424226,0.0593602477754588,9.999000099990002e-05,0.0,0.0,0.0,1.0,0
