env,abstraction,dataset,n_traj,seed,agent,n_states,n_transitions,n_SD,n_inconsistent,n_projected_keys,n_eval_starts,reps_stochastic,door_row,key_row,key_col,goal_row,goal_col,optimal_ret,data_pct_delivered,data_pct_success,pct_success,ret,disc_ret,queries_per_ep,pct_ep_with_query,frac_data_steps,frac_model_steps,frac_query_steps,pct_delivered,config_seconds
doorkey-5,correct,noisy_expert,5,0,BC,63,60,17,0,21,10,3,4,3,1,1,3,11.1,100.0,100.0,50.0,-94.2,-38.15556754603855,0.4,30.0,0.9961795606494747,0.0,0.0038204393505253103,50.0,0.013142708921805024
doorkey-5,correct,noisy_expert,5,0,RECO,63,60,17,0,21,10,3,4,3,1,1,3,11.1,100.0,100.0,100.0,4.7,3.408561914612861,0.4,30.0,0.967741935483871,0.0,0.03225806451612903,100.0,0.01314287493005395
doorkey-5,correct,noisy_expert,5,0,RECO-greedy,63,60,17,0,21,10,3,4,3,1,1,3,11.1,100.0,100.0,100.0,11.1,9.739442935015981,0.4,30.0,0.9595959595959596,0.0,0.04040404040404041,100.0,0.013143042102456093
doorkey-5,correct,noisy_expert,5,0,In-data planning (POR-style),63,60,17,0,21,10,3,4,3,1,1,3,11.1,100.0,100.0,100.0,11.1,9.739442935015981,0.4,30.0,0.9595959595959596,0.0,0.04040404040404041,100.0,0.013143124990165234
doorkey-5,correct,noisy_expert,5,0,Ours,63,60,17,0,21,10,3,4,3,1,1,3,11.1,100.0,100.0,100.0,11.1,9.739442935015981,0.4,30.0,0.9595959595959596,0.0,0.04040404040404041,100.0,0.013143250020220876
doorkey-5,correct,noisy_expert,5,0,Ours w/o stitching,63,60,17,0,21,10,3,4,3,1,1,3,11.1,100.0,100.0,100.0,11.1,9.739442935015981,0.4,30.0,0.9595959595959596,0.0,0.04040404040404041,100.0,0.013143375050276518
doorkey-5,correct,noisy_expert,5,0,Ours w/o execution rule,63,60,17,0,21,10,3,4,3,1,1,3,11.1,100.0,100.0,100.0,11.1,9.739442935015981,0.4,30.0,0.9595959595959596,0.0,0.04040404040404041,100.0,0.013143459102138877
doorkey-5,ignore_door,noisy_expert,5,0,BC,63,60,17,0,21,10,3,4,3,1,1,3,11.1,100.0,100.0,50.0,-94.2,-38.15556754603855,0.4,30.0,0.9961795606494747,0.0,0.0038204393505253103,50.0,0.015495332889258862
doorkey-5,ignore_door,noisy_expert,5,0,RECO,63,60,17,0,21,10,3,4,3,1,1,3,11.1,100.0,100.0,100.0,5.466666666666667,4.107687091884374,0.3,20.0,0.9680851063829787,0.007978723404255319,0.023936170212765957,100.0,0.015495541971176863
doorkey-5,ignore_door,noisy_expert,5,0,RECO-greedy,63,60,17,0,21,10,3,4,3,1,1,3,11.1,100.0,100.0,100.0,10.9,9.519091501986594,0.3,20.0,0.9603960396039604,0.009900990099009901,0.0297029702970297,100.0,0.015495667001232505
doorkey-5,ignore_door,noisy_expert,5,0,In-data planning (POR-style),63,60,17,0,21,10,3,4,3,1,1,3,11.1,100.0,100.0,100.0,11.1,9.739442935015981,0.4,30.0,0.9595959595959596,0.0,0.04040404040404041,100.0,0.015495792031288147
doorkey-5,ignore_door,noisy_expert,5,0,Ours,63,60,17,0,21,10,3,4,3,1,1,3,11.1,100.0,100.0,100.0,5.5,3.7387278572993226,0.3,20.0,0.7290322580645161,0.25161290322580643,0.01935483870967742,100.0,0.015495874918997288
doorkey-5,ignore_door,noisy_expert,5,0,Ours w/o stitching,63,60,17,0,21,10,3,4,3,1,1,3,11.1,100.0,100.0,100.0,10.8,9.410565652985536,0.3,20.0,0.9509803921568627,0.0196078431372549,0.029411764705882353,100.0,0.01549599994905293
doorkey-5,ignore_door,noisy_expert,5,0,Ours w/o execution rule,63,60,17,0,21,10,3,4,3,1,1,3,11.1,100.0,100.0,0.0,-200.0,-86.60203251420371,0.3,20.0,0.0065,0.992,0.0015,0.0,0.015496083069592714
doorkey-5,correct,noisy_expert,5,1,BC,63,35,8,0,6,10,3,2,2,1,4,3,13.3,100.0,100.0,100.0,13.3,12.190175343041599,1.0,70.0,0.8701298701298701,0.0,0.12987012987012986,100.0,0.007786083035171032
doorkey-5,correct,noisy_expert,5,1,RECO,63,35,8,0,6,10,3,2,2,1,4,3,13.3,100.0,100.0,100.0,12.3,11.236235645343426,1.0,70.0,0.8717948717948718,0.0,0.1282051282051282,100.0,0.007786290952935815
doorkey-5,correct,noisy_expert,5,1,RECO-greedy,63,35,8,0,6,10,3,2,2,1,4,3,13.3,100.0,100.0,100.0,13.3,12.190175343041599,1.0,70.0,0.8701298701298701,0.0,0.12987012987012986,100.0,0.007786415982991457
doorkey-5,correct,noisy_expert,5,1,In-data planning (POR-style),63,35,8,0,6,10,3,2,2,1,4,3,13.3,100.0,100.0,100.0,13.3,12.190175343041599,1.0,70.0,0.8701298701298701,0.0,0.12987012987012986,100.0,0.007786500034853816
doorkey-5,correct,noisy_expert,5,1,Ours,63,35,8,0,6,10,3,2,2,1,4,3,13.3,100.0,100.0,100.0,13.3,12.190175343041599,1.0,70.0,0.8701298701298701,0.0,0.12987012987012986,100.0,0.0077866248320788145
doorkey-5,correct,noisy_expert,5,1,Ours w/o stitching,63,35,8,0,6,10,3,2,2,1,4,3,13.3,100.0,100.0,100.0,13.3,12.190175343041599,1.0,70.0,0.8701298701298701,0.0,0.12987012987012986,100.0,0.007786707952618599
doorkey-5,correct,noisy_expert,5,1,Ours w/o execution rule,63,35,8,0,6,10,3,2,2,1,4,3,13.3,100.0,100.0,100.0,13.3,12.190175343041599,1.0,70.0,0.8701298701298701,0.0,0.12987012987012986,100.0,0.007786832982674241
doorkey-5,ignore_door,noisy_expert,5,1,BC,63,35,8,0,6,10,3,2,2,1,4,3,13.3,100.0,100.0,100.0,13.3,12.190175343041599,1.0,70.0,0.8701298701298701,0.0,0.12987012987012986,100.0,0.010308041935786605
doorkey-5,ignore_door,noisy_expert,5,1,RECO,63,35,8,0,6,10,3,2,2,1,4,3,13.3,100.0,100.0,100.0,12.3,11.236235645343426,1.0,70.0,0.8717948717948718,0.0,0.1282051282051282,100.0,0.01030829199589789
doorkey-5,ignore_door,noisy_expert,5,1,RECO-greedy,63,35,8,0,6,10,3,2,2,1,4,3,13.3,100.0,100.0,100.0,13.3,12.190175343041599,1.0,70.0,0.8701298701298701,0.0,0.12987012987012986,100.0,0.010308417025953531
doorkey-5,ignore_door,noisy_expert,5,1,In-data planning (POR-style),63,35,8,0,6,10,3,2,2,1,4,3,13.3,100.0,100.0,100.0,13.3,12.190175343041599,1.0,70.0,0.8701298701298701,0.0,0.12987012987012986,100.0,0.010308499913662672
doorkey-5,ignore_door,noisy_expert,5,1,Ours,63,35,8,0,6,10,3,2,2,1,4,3,13.3,100.0,100.0,100.0,11.3,9.957590853715075,1.0,70.0,0.6907216494845361,0.20618556701030927,0.10309278350515463,100.0,0.010308624943718314
doorkey-5,ignore_door,noisy_expert,5,1,Ours w/o stitching,63,35,8,0,6,10,3,2,2,1,4,3,13.3,100.0,100.0,100.0,13.3,12.190175343041599,1.0,70.0,0.8701298701298701,0.0,0.12987012987012986,100.0,0.010308708995580673
doorkey-5,ignore_door,noisy_expert,5,1,Ours w/o execution rule,63,35,8,0,6,10,3,2,2,1,4,3,13.3,100.0,100.0,0.0,-200.0,-86.60203251420371,1.0,70.0,0.0035,0.9915,0.005,0.0,0.010308834025636315
doorkey-5,correct,noisy_expert,5,2,BC,63,70,18,0,18,10,3,4,1,0,1,3,8.1,100.0,100.0,100.0,8.1,6.480071740403069,0.2,20.0,0.9844961240310077,0.0,0.015503875968992248,100.0,0.01126491604372859
doorkey-5,correct,noisy_expert,5,2,RECO,63,70,18,0,18,10,3,4,1,0,1,3,8.1,100.0,100.0,100.0,3.5,2.043294506674126,0.2,20.0,0.9852941176470589,0.0,0.014705882352941176,100.0,0.01126508298330009
doorkey-5,correct,noisy_expert,5,2,RECO-greedy,63,70,18,0,18,10,3,4,1,0,1,3,8.1,100.0,100.0,100.0,8.1,6.480071740403069,0.2,20.0,0.9844961240310077,0.0,0.015503875968992248,100.0,0.011265166103839874
doorkey-5,correct,noisy_expert,5,2,In-data planning (POR-style),63,70,18,0,18,10,3,4,1,0,1,3,8.1,100.0,100.0,100.0,8.1,6.480071740403069,0.2,20.0,0.9844961240310077,0.0,0.015503875968992248,100.0,0.011265290901064873
doorkey-5,correct,noisy_expert,5,2,Ours,63,70,18,0,18,10,3,4,1,0,1,3,8.1,100.0,100.0,100.0,8.1,6.480071740403069,0.2,20.0,0.9844961240310077,0.0,0.015503875968992248,100.0,0.011265415931120515
doorkey-5,correct,noisy_expert,5,2,Ours w/o stitching,63,70,18,0,18,10,3,4,1,0,1,3,8.1,100.0,100.0,100.0,8.1,6.480071740403069,0.2,20.0,0.9844961240310077,0.0,0.015503875968992248,100.0,0.011265499982982874
doorkey-5,correct,noisy_expert,5,2,Ours w/o execution rule,63,70,18,0,18,10,3,4,1,0,1,3,8.1,100.0,100.0,100.0,8.1,6.480071740403069,0.2,20.0,0.9844961240310077,0.0,0.015503875968992248,100.0,0.011265625013038516
doorkey-5,ignore_door,noisy_expert,5,2,BC,63,70,18,0,18,10,3,4,1,0,1,3,8.1,100.0,100.0,100.0,8.1,6.480071740403069,0.2,20.0,0.9844961240310077,0.0,0.015503875968992248,100.0,0.015078250085934997
doorkey-5,ignore_door,noisy_expert,5,2,RECO,63,70,18,0,18,10,3,4,1,0,1,3,8.1,100.0,100.0,100.0,3.5,2.043294506674126,0.2,20.0,0.9852941176470589,0.0,0.014705882352941176,100.0,0.01507862494327128
doorkey-5,ignore_door,noisy_expert,5,2,RECO-greedy,63,70,18,0,18,10,3,4,1,0,1,3,8.1,100.0,100.0,100.0,8.1,6.480071740403069,0.2,20.0,0.9844961240310077,0.0,0.015503875968992248,100.0,0.015078790951520205
doorkey-5,ignore_door,noisy_expert,5,2,In-data planning (POR-style),63,70,18,0,18,10,3,4,1,0,1,3,8.1,100.0,100.0,100.0,8.1,6.480071740403069,0.2,20.0,0.9844961240310077,0.0,0.015503875968992248,100.0,0.015078875003382564
doorkey-5,ignore_door,noisy_expert,5,2,Ours,63,70,18,0,18,10,3,4,1,0,1,3,8.1,100.0,100.0,100.0,0.1,-1.7281421616883308,1.1,100.0,0.7081339712918661,0.23923444976076555,0.05263157894736842,100.0,0.015079000033438206
doorkey-5,ignore_door,noisy_expert,5,2,Ours w/o stitching,63,70,18,0,18,10,3,4,1,0,1,3,8.1,100.0,100.0,100.0,8.0,6.375822242870792,0.2,20.0,0.9769230769230769,0.007692307692307693,0.015384615384615385,100.0,0.015079082921147346
doorkey-5,ignore_door,noisy_expert,5,2,Ours w/o execution rule,63,70,18,0,18,10,3,4,1,0,1,3,8.1,100.0,100.0,0.0,-200.0,-86.60203251420371,0.1,10.0,0.004,0.9955,0.0005,0.0,0.015079207951202989
